stadium_code,stadium_name_ko,address,lng_x,lat_y,geocode_source,content,image_url,image_source_url,image_credit,image_credit_url,image_license_url,parking_map_url,parking_map_source_url,parking_map_credit,parking_map_title,parking_map_summary,parking_map_kind,parking_map_visual_notes,parking_map_captured_at,parking_map_width,parking_map_height
JAMSIL,잠실야구장,서울특별시 송파구 올림픽로 25,127.075940589715,37.5161987797456,KAKAO_LOCAL_ADDRESS_SEARCH,[잠실야구장] stadium_code: JAMSIL / stadium_name_ko: 잠실야구장 / address: 서울특별시 송파구 올림픽로 25 / geocode_source: KAKAO_LOCAL_ADDRESS_SEARCH,/images/stadiums/exteriors/jamsil.jpg,https://commons.wikimedia.org/wiki/File:Jamsil_Baseball_Stadium_Seoul.jpg,Arne Müseler · CC BY-SA 3.0,https://creativecommons.org/licenses/by-sa/3.0/de/deed.en,https://creativecommons.org/licenses/by-sa/3.0/de/deed.en,/images/stadiums/parking-maps/jamsil-parking.png,https://myseatcheck.com/%ec%84%9c%ec%9a%b8-%ec%9e%a0%ec%8b%a4%ec%95%bc%ea%b5%ac%ec%9e%a5-%ec%a3%bc%ec%b0%a8%ec%9e%a5/?swcfpc=1,자리어때(myseatcheck.com),잠실종합운동장 P2 주차 구역,종합운동장역 북쪽의 P2 주차 구역과 진입 방향을 안내합니다.,preferred-area,"[""잠실야구장 동남쪽"", ""종합운동장역 북쪽"", ""이미지상 P2 구역 강조""]",2026-09-10,839,857
GOCHEOK,고척스카이돔,서울특별시 구로구 경인로 430,126.867088741096,37.4982125677913,KAKAO_LOCAL_ADDRESS_SEARCH,[고척스카이돔] stadium_code: GOCHEOK / stadium_name_ko: 고척스카이돔 / address: 서울특별시 구로구 경인로 430 / geocode_source: KAKAO_LOCAL_ADDRESS_SEARCH,/images/stadiums/exteriors/gocheok.jpg,https://culture.seoul.go.kr/night/sub/viewSpot/view.do?viewId=55,서울문화포털,https://culture.seoul.go.kr/night/sub/viewSpot/view.do?viewId=55,,/images/stadiums/parking-maps/gocheok-parking.png,https://myseatcheck.com/%EA%B3%A0%EC%B2%99%EC%8A%A4%EC%B9%B4%EC%9D%B4%EB%8F%94-%EC%A3%BC%EC%B0%A8/?swcfpc=1,자리어때(myseatcheck.com),고척스카이돔 인근 주차장,돔 내부 주차가 어려워 주변 대체 주차장을 이용해야 합니다.,nearby-alternatives,"[""구로기계공구상가"", ""동양미래대학교"", ""중앙유통단지"", ""아이파크몰 고척점 등 인근 대안 표시""]",2026-09-10,1453,1000
MUNHAK,인천 SSG 랜더스필드,인천광역시 미추홀구 매소홀로 618,126.690759830613,37.4350819826381,KAKAO_LOCAL_ADDRESS_SEARCH,[인천 SSG 랜더스필드] stadium_code: MUNHAK / stadium_name_ko: 인천 SSG 랜더스필드 / address: 인천광역시 미추홀구 매소홀로 618 / geocode_source: KAKAO_LOCAL_ADDRESS_SEARCH,/images/stadiums/exteriors/munhak-exterior.jpg,https://commons.wikimedia.org/wiki/File:SSG_%EB%9E%9C%EB%8D%94%EC%8A%A4%ED%95%84%EB%93%9C_%EC%A0%84%EA%B2%BD_2024.jpg,Narubaru7 · CC BY 4.0,https://creativecommons.org/licenses/by/4.0/,https://creativecommons.org/licenses/by/4.0/,/images/stadiums/parking-maps/incheon-parking.png,https://myseatcheck.com/%ec%9d%b8%ec%b2%9c-%eb%9e%9c%eb%8d%94%ec%8a%a4%ed%95%84%eb%93%9c-%ec%a3%bc%ec%b0%a8%ec%9e%a5-4%ec%a3%bc%ec%b0%a8%ec%9e%a5/?swcfpc=1,자리어때(myseatcheck.com),문학경기장 4주차장,랜더스필드 남쪽의 문학경기장 4주차장과 남동쪽 진입 방향을 안내합니다.,preferred-area,"[""랜더스필드 남쪽"", ""제2경인고속도로 북쪽"", ""이미지상 4주차장과 진입 방향 강조""]",2026-09-10,1083,785
SUWON,수원 KT 위즈 파크,경기도 수원시 장안구 경수대로 893,127.011348102567,37.2978428909635,KAKAO_LOCAL_ADDRESS_SEARCH,[수원 KT 위즈 파크] stadium_code: SUWON / stadium_name_ko: 수원 KT 위즈 파크 / address: 경기도 수원시 장안구 경수대로 893 / geocode_source: KAKAO_LOCAL_ADDRESS_SEARCH,/images/stadiums/exteriors/suwon.jpg,https://commons.wikimedia.org/wiki/File:Suwon_kt_wiz_Park.jpg,Nt · CC BY 4.0,https://creativecommons.org/licenses/by/4.0/,https://creativecommons.org/licenses/by/4.0/,/images/stadiums/parking-maps/suwon-parking.png,https://myseatcheck.com/%ec%88%98%ec%9b%90-kt%ec%9c%84%ec%a6%88%ed%8c%8c%ed%81%ac-%ec%a3%bc%ec%b0%a8/?swcfpc=1,자리어때(myseatcheck.com),수원종합운동장 주차 출입구,북문·서문·남문으로 진입할 수 있으며 동문은 관계자 전용입니다.,access-gates,"[""북문 진입 위치"", ""서문 진입 위치"", ""남문 진입 위치"", ""동문은 이미지상 관계자 전용""]",2026-09-10,1126,880
DAEJEON,대전 한화생명 볼파크,대전광역시 중구 대종로 373,127.428013823451,36.3173370007388,KAKAO_LOCAL_ADDRESS_SEARCH,[대전 한화생명 볼파크] stadium_code: DAEJEON / stadium_name_ko: 대전 한화생명 볼파크 / address: 대전광역시 중구 대종로 373 / geocode_source: KAKAO_LOCAL_ADDRESS_SEARCH,/images/stadiums/exteriors/daejeon.jpg,https://www.hanwhaeagles.co.kr/MN/EP/MNEPPI01.do,한화이글스,https://www.hanwhaeagles.co.kr/MN/EP/MNEPPI01.do,,/images/stadiums/parking-maps/daejeon-parking.jpg,https://myseatcheck.com/%EB%8C%80%EC%A0%84%ED%95%9C%ED%99%94%EC%83%9D%EB%AA%85%EB%B3%BC%ED%8C%8C%ED%81%AC-%EC%A3%BC%EC%B0%A8%EC%9E%A5/,자리어때(myseatcheck.com),대전 한화생명 볼파크 인근 주차장 입구,한화생명 볼파크 북서쪽 체육시설 주차 구역과 동쪽 진입 방향을 안내합니다.,entrance,"[""볼파크 북서쪽"", ""체육시설 사이 주차 구역"", ""이미지상 동쪽에서 들어오는 입구 강조""]",2026-09-10,912,684
DAEGU,대구 삼성 라이온즈 파크,대구광역시 수성구 야구전설로 1,128.681236372268,35.8411289243023,KAKAO_LOCAL_ADDRESS_SEARCH,[대구 삼성 라이온즈 파크] stadium_code: DAEGU / stadium_name_ko: 대구 삼성 라이온즈 파크 / address: 대구광역시 수성구 야구전설로 1 / geocode_source: KAKAO_LOCAL_ADDRESS_SEARCH,/images/stadiums/exteriors/daegu.jpg,https://commons.wikimedia.org/wiki/File:Daegu_Samseong_Lions_Park.jpg,Neoalpha · CC0,https://creativecommons.org/publicdomain/zero/1.0/,https://creativecommons.org/publicdomain/zero/1.0/,/images/stadiums/parking-maps/daegu-parking.png,https://myseatcheck.com/%eb%8c%80%ea%b5%ac-%eb%9d%bc%ec%9d%b4%ec%98%a8%ec%a6%88%ed%8c%8c%ed%81%ac-%ec%a3%bc%ec%b0%a8%ec%9e%a5-%ec%95%bc%ea%b5%ac%ec%9e%a5-%ec%a3%bc%ec%b0%a8%ec%9e%a5/?swcfpc=1,자리어때(myseatcheck.com),전설로 주차장,라이온즈 파크 남서쪽 전설로 주차장과 서편 진입 방향을 안내합니다.,preferred-area,"[""라이온즈 파크 남서쪽"", ""전설로 주차장"", ""이미지상 서편 진입 방향 강조""]",2026-09-10,736,799
GWANGJU,광주-KIA 챔피언스 필드,전남광주통합특별시 북구 서림로 10,126.888805470329,35.1694249627659,KAKAO_LOCAL_ADDRESS_SEARCH,[광주-KIA 챔피언스 필드] stadium_code: GWANGJU / stadium_name_ko: 광주-KIA 챔피언스 필드 / address: 전남광주통합특별시 북구 서림로 10 / geocode_source: KAKAO_LOCAL_ADDRESS_SEARCH,/images/stadiums/exteriors/gwangju.png,https://commons.wikimedia.org/wiki/File:20250628_Gwangju-Kia_Champions_Field_Jjw_001.png,Jjw · CC BY-SA 4.0,https://creativecommons.org/licenses/by-sa/4.0/,https://creativecommons.org/licenses/by-sa/4.0/,/images/stadiums/parking-maps/gwangju-parking.png,https://myseatcheck.com/%ea%b4%91%ec%a3%bc-%ec%b1%94%ed%94%bc%ec%96%b8%ec%8a%a4%ed%95%84%eb%93%9c-%ec%a3%bc%ec%b0%a8%ec%9e%a5/?swcfpc=1,자리어때(myseatcheck.com),챔피언스필드 지하 주차장,주경기장 서쪽 지하 주차 구역과 남서쪽 진입 방향을 안내합니다.,entrance,"[""챔피언스필드 서쪽"", ""무등야구장 동쪽"", ""이미지상 남서쪽 진입 방향 강조""]",2026-09-10,954,770
SAJIK,사직야구장,부산광역시 동래구 사직로 45,129.059900885997,35.194366802896,KAKAO_LOCAL_ADDRESS_SEARCH,[사직야구장] stadium_code: SAJIK / stadium_name_ko: 사직야구장 / address: 부산광역시 동래구 사직로 45 / geocode_source: KAKAO_LOCAL_ADDRESS_SEARCH,/images/stadiums/exteriors/sajik.gif,https://www.giantsclub.com/html/?pcode=207,롯데자이언츠,https://www.giantsclub.com/html/?pcode=207,,/images/stadiums/parking-maps/sajik-parking.png,https://myseatcheck.com/%eb%b6%80%ec%82%b0-%ec%82%ac%ec%a7%81%ec%95%bc%ea%b5%ac%ec%9e%a5-%ec%a3%bc%ec%b0%a8%ec%9e%a5-%ec%a3%bc%ec%b0%a8%ec%9e%a5-%ec%9e%85%ea%b5%ac/?swcfpc=1,자리어때(myseatcheck.com),사직야구장 주차장 입구,사직야구장 남동쪽 주차 구역과 남쪽 도로에서 들어오는 입구를 안내합니다.,entrance,"[""사직야구장 남동쪽"", ""부산아시아드 조각광장 주변"", ""이미지상 남쪽 진입 방향 강조""]",2026-09-10,738,839
CHANGWON,창원 NC 파크,경상남도 창원시 마산회원구 삼호로 63,128.579580117268,35.2219848625101,KAKAO_LOCAL_ADDRESS_SEARCH,[창원 NC 파크] stadium_code: CHANGWON / stadium_name_ko: 창원 NC 파크 / address: 경상남도 창원시 마산회원구 삼호로 63 / geocode_source: KAKAO_LOCAL_ADDRESS_SEARCH,/images/stadiums/exteriors/changwon.png,https://www.ncdinos.com/dinos/stadium.do,NC 다이노스,https://www.ncdinos.com/dinos/stadium.do,,/images/stadiums/parking-maps/changwon-parking.png,https://myseatcheck.com/%ec%b0%bd%ec%9b%90nc%ed%8c%8c%ed%81%ac-%ec%a3%bc%ec%b0%a8%ec%9e%a5-%ec%a7%80%ec%83%81-%ec%a3%bc%ec%b0%a8%ec%9e%a5/?swcfpc=1,자리어때(myseatcheck.com),창원 NC 파크 지상 주차장,NC 파크 남쪽의 지정 지상 주차 구역과 남동쪽 진입 방향을 안내합니다.,preferred-area,"[""NC 파크 남쪽"", ""마산야구장 북쪽"", ""이미지상 지정 지상 주차장 강조""]",2026-09-10,931,700
